<?xml version="1.0" encoding="UTF-8"?>
<project-private xmlns="http://www.netbeans.org/ns/project-private/1">
    <editor-bookmarks xmlns="http://www.netbeans.org/ns/editor-bookmarks/2" lastBookmarkId="0"/>
    <open-files xmlns="http://www.netbeans.org/ns/projectui-open-files/2">
        <group>
            <file>file:/D:/New%20folder%20(3)/ITP%20NEW/src/Interface/dev.java</file>
            <file>file:/D:/New%20folder%20(3)/ITP%20NEW/src/Interface/login.java</file>
            <file>file:/D:/New%20folder%20(3)/ITP%20NEW/src/Interface/home.java</file>
            <file>file:/D:/New%20folder%20(3)/ITP%20NEW/src/Interface/dev1.java</file>
            <file>file:/D:/New%20folder%20(3)/ITP%20NEW/src/Interface/dev111.java</file>
            <file>file:/D:/New%20folder%20(3)/ITP%20NEW/src/Interface/dev11.java</file>
        </group>
    </open-files>
</project-private>
